{"cameraMode":{"drawMode":0,"name":"Shaded","section":"Shading Mode"},"sceneLighting":true,"audioPlay":false,"sceneViewState":{"m_AlwaysRefresh":false,"showFog":true,"showSkybox":true,"showFlares":true,"showImageEffects":true,"showParticleSystems":true,"showVisualEffectGraphs":true,"m_FxEnabled":true},"in2DMode":false,"pivot":{"x":0.05804634094238281,"y":0.2980504035949707,"z":20.540700912475587},"rotation":{"x":-0.05274314433336258,"y":-0.041021645069122317,"z":0.002151915105059743,"w":-0.9977993369102478},"size":13.4266357421875,"orthographic":false}